Label,Count
Food,18
Ingredient,13
Kitchen Appliance,13
Kitchen,10
Kitchen utensil,10
Cooking,8
Home appliance,8
Facial expression,7
Recipe,7
Eyelash,7
Countertop,7
Blond,6
Small appliance,6
Happiness,6
Tableware,6
Lips,6
Long hair,5
Homemaking,5
Eyebrow,5
Brown hair,5
Serveware,5
Major appliance,5
Screenshot,5
Cookware and bakeware,5
Photo caption,4
Smile,4
Plastic,4
Layered hair,4
Step cutting,4
Produce,4
Selfie,3
Hairstyle,3
Bowl,3
Breakfast,3
Pink,3
Hair,3
Dishware,3
Kitchen stove,3
Forehead,3
Room,3
Electronic device,2
Side dish,2
Packaging and labeling,2
Stove,2
Pottery,2
Child,2
Ceramic,2
Leisure,2
Fiction,2
Fun,2
Summer,2
Technology,2
Recreation,2
Personal care,2
Gadget,2
Feathered hair,2
Jaw,2
Cartoon,2
Animation,2
Animated cartoon,2
Food storage containers,2
Mixer,2
Food processor,2
Dairy product,2
Surfer hair,2
Dessert,2
Night,2
Darkness,2
Mixing bowl,2
Fruit,2
Portrait photography,2
Makeover,2
Car door,1
Nail,1
Carbon fibers,1
Floral design,1
Communication Device,1
Linens,1
Bed,1
Ceremony,1
Thumb,1
Finger,1
Steering wheel,1
Decoration,1
Cleanliness,1
Love,1
Label,1
Home,1
Suburb,1
Siding,1
House,1
Curtain,1
Light fixture,1
Window treatment,1
Onion,1
Party Supply,1
Party favor,1
Lilies,1
Laceleaf,1
Gift,1
Geraniums,1
Meat,1
Flesh,1
Comfort food,1
Lamp,1
Italian cuisine,1
Hair care,1
Cabinetry,1
Finger food,1
Fast food,1
Fried food,1
Fictional character,1
Comics,1
Tulip,1
Red,1
Vacation,1
Park,1
Bedding,1
Bed sheet,1
Porcelain,1
Plate,1
Platter,1
Paint,1
Flooring,1
Ceiling,1
Floor,1
Furniture,1
Interior design,1
Lighting,1
Ceiling fan,1
Fan,1
Party,1
Camping,1
Tent,1
Banquet,1
Beauty,1
Cook,1
Shelf,1
Gas stove,1
Tooth,1
Day Dress,1
Fashion illustration,1
One-piece garment,1
Lid,1
Root Vegetables,1
Yukon Gold potato,1
Potato,1
Vegetable,1
Convenience store,1
Pantry,1
Shelving,1
Food storage,1
Dough,1
Paper towel,1
Powder,1
Flour,1
Midnight,1
White,1
Cup,1
Graphics,1
Nose,1
Skin,1
Head,1
Cheek,1
Chin,1
Natural foods,1
Mesh,1
Orange,1
Cooktop,1
Toilet paper,1
Apron,1
Vision Care,1
Curtained hair,1
Berry,1
Remote control,1
LCD television,1
Television set,1
LED-backlit LCD,1
Flat-panel display,1
Display device,1
Electronics,1
Foot,1
Calf,1
People in nature,1
Shorts,1
Leg,1
Glasses,1
Tissue paper,1
Eyewear,1
Silver,1
Household hardware,1
Plumbing,1
Tap,1
Sink,1
Kitchen Sink,1
Plumbing fixture,1
Active Shirt,1
Neck,1
Black hair,1
Leaf vegetable,1
Paper Product,1
Paper,1
Comic book,1
